country_en,continent,n_single_country,n_all_studies,pct_single_country
China,Asia,56,58,10.351201478743068
United States,North America,55,56,10.166358595194085
Saudi Arabia,Asia,35,36,6.469500924214418
India,Asia,33,36,6.099815157116451
Brazil,South America,33,34,6.099815157116451
Iran,Asia,16,17,2.957486136783734
Germany,Europe,15,16,2.7726432532347505
Pakistan,Asia,13,13,2.402957486136784
South Korea,Asia,13,13,2.402957486136784
Mexico,North America,12,13,2.2181146025878005
Nigeria,Africa,12,12,2.2181146025878005
Malaysia,Asia,11,13,2.033271719038817
Thailand,Asia,10,11,1.8484288354898337
Australia,Oceania,9,9,1.6635859519408502
Peru,South America,9,9,1.6635859519408502
France,Europe,8,9,1.478743068391867
Portugal,Europe,8,9,1.478743068391867
Indonesia,Asia,8,8,1.478743068391867
Nepal,Asia,8,8,1.478743068391867
Canada,North America,7,8,1.2939001848428835
Hungary,Europe,7,8,1.2939001848428835
Italy,Europe,7,8,1.2939001848428835
United Kingdom,Europe,7,8,1.2939001848428835
Japan,Asia,7,7,1.2939001848428835
Turkey,Asia,7,7,1.2939001848428835
Serbia,Europe,6,6,1.1090573012939002
Jordan,Asia,5,7,0.9242144177449169
Switzerland,Europe,5,6,0.9242144177449169
Bangladesh,Asia,5,5,0.9242144177449169
Ethiopia,Africa,5,5,0.9242144177449169
South Africa,Africa,5,5,0.9242144177449169
Spain,Europe,5,5,0.9242144177449169
Egypt,Africa,4,6,0.7393715341959335
Sudan,Africa,4,5,0.7393715341959335
Greece,Europe,4,4,0.7393715341959335
Lebanon,Asia,4,4,0.7393715341959335
Morocco,Africa,3,4,0.5545286506469501
New Zealand,Oceania,3,4,0.5545286506469501
Palestine,Asia,3,4,0.5545286506469501
Syria,Asia,3,4,0.5545286506469501
Chile,South America,3,3,0.5545286506469501
Ireland,Europe,3,3,0.5545286506469501
Netherlands,Europe,3,3,0.5545286506469501
Romania,Europe,3,3,0.5545286506469501
Vietnam,Asia,3,3,0.5545286506469501
Poland,Europe,2,5,0.36968576709796674
Czechia,Europe,2,4,0.36968576709796674
Israel,Asia,2,3,0.36968576709796674
Austria,Europe,2,2,0.36968576709796674
Cyprus,Europe,2,2,0.36968576709796674
Russia,Europe,2,2,0.36968576709796674
Sweden,Europe,2,2,0.36968576709796674
Tunisia,Africa,2,2,0.36968576709796674
Uganda,Africa,2,2,0.36968576709796674
Croatia,Europe,1,2,0.18484288354898337
Iraq,Asia,1,2,0.18484288354898337
Libya,Africa,1,2,0.18484288354898337
Ukraine,Europe,1,2,0.18484288354898337
Bahrain,Asia,1,1,0.18484288354898337
Bosnia and Herzegovina,Europe,1,1,0.18484288354898337
Denmark,Europe,1,1,0.18484288354898337
Georgia,Asia,1,1,0.18484288354898337
Kazakhstan,Asia,1,1,0.18484288354898337
Latvia,Europe,1,1,0.18484288354898337
Namibia,Africa,1,1,0.18484288354898337
Norway,Europe,1,1,0.18484288354898337
Oman,Asia,1,1,0.18484288354898337
Puerto Rico,North America,1,1,0.18484288354898337
Qatar,Asia,1,1,0.18484288354898337
Rwanda,Africa,1,1,0.18484288354898337
Slovenia,Europe,1,1,0.18484288354898337
Somalia,Africa,1,1,0.18484288354898337
Sri Lanka,Asia,1,1,0.18484288354898337
Tanzania,Africa,1,1,0.18484288354898337
Trinidad and Tobago,North America,1,1,0.18484288354898337
United Arab Emirates,Asia,1,1,0.18484288354898337
Yemen,Asia,1,1,0.18484288354898337
Belarus,Europe,0,2,0
Colombia,South America,0,1,0
Hong Kong,Asia,0,1,0
Kenya,Africa,0,1,0
Lithuania,Europe,0,1,0
Paraguay,South America,0,1,0
Slovakia,Europe,0,1,0
Venezuela,South America,0,1,0
