scale_acronym,n_studies
PHQ-9,108
GAD-7,70
MBI,63
DASS,61
PSS,53
PSQI,46
BDI,44
GHQ,43
CD-RISC,25
CESD,20
Brief COPE,19
HADS,19
K10,19
STAI,19
OLBI,18
WHOQOL-BREF,17
AUDIT,16
SF-36,16
IAT,15
SWLS,14
JSE,13
RSE,13
SAS,13
SCL,13
SDS,13
BRS,12
CAGE,12
BAI,11
IPAQ,11
IES,9
ISI,9
MSSQ,9
MSWBI,9
WEMWBS,9
ESS,8
FCV19-S,8
IRI,8
MSPSS,8
WHO-5,8
ASSIST,7
CBI,7
CIPS,7
DREEM,7
DUREL,7
MAAS,7
SRQ-20,7
UCLA-LS,7
AMS,6
MHC-SF,6
OSSS-3,6
PHQ-15,6
PWB,6
RS-25,6
BSI,5
Brief RCOPE,5
CAST,5
FFMQ,5
SCS,5
AIS,4
ASRS v1.1,4
BFI,4
BSMAS,4
BSS,4
FACIT-Sp-12,4
FTND,4
GSES,4
JHLES,4
PANAS,4
PMSS,4
PROMIS-D SF-8a,4
SAS-SV,4
SCOFF,4
ASLEC,3
CAS,3
CTQ-SF,3
EAT-26,3
EPQ,3
LEC-5,3
LOT-R,3
MPAI,3
MSQ,3
PC-PTSD,3
PCL-5,3
PGI,3
PROMIS-A SF-8a,3
PSQ,3
QOL,3
QUEISA,3
SBQ-R,3
SCSQ,3
SHS,3
SSRS,3
TEQ,3
TIPI,3
UWES,3
AAQ-II,2
ABS,2
APGAR,2
ASS,2
AVEM-44,2
BHS,2
BPNSF,2
BSQ-8B,2
CERS-7,2
CIRDS,2
DERS,2
DTS,2
DUSI,2
EDDS,2
FMI,2
GAST,2
GPAQ,2
GSLTPAQ,2
GWBS,2
HPLP-II,2
HPS,2
IGDS9-SF,2
IMI,2
ISEL,2
LSRQ,2
MAST,2
MHI,2
MSLES,2
MSSF,2
NMP-Q,2
OCI-R,2
PARS-3,2
PBI,2
PDS,2
PMSQ,2
PRIME MD,2
PROMIS,2
PSRS,2
PSSS,2
R-SPQ-2F,2
RASQ,2
REMS,2
RQ,2
SAS-SR,2
SISCO-II,2
SLIQ,2
SMBM,2
SOC-13,2
SSI,2
SSS-8,2
SoDS,2
TAS-20,2
TCI-RS,2
TMHI-15,2
YIS,2
16-NCCS,1
16PF,1
4DSQ,1
AAS,1
ACS,1
AFS,1
AGOS,1
AHELO,1
AMHLAQ,1
AMI,1
AMSP,1
APS,1
AQ,1
ARS-30,1
ASAS-R,1
ASI,1
ASICS,1
ASKME,1
ATMI,1
ATP-30,1
ATSPPH,1
AWLS,1
BACE-III,1
BEPSI-K,1
BFS,1
BHSQ,1
BICI,1
BIS-11,1
BM-SV,1
BMQ-General-12,1
BRFSS,1
BTPS-SF,1
Brief-WSC,1
C-SURF,1
CAE,1
CB-RSS,1
CCAHS,1
CCAPS-34,1
CCMQ,1
CE-Scale,1
CEQ,1
CFQ-F,1
CIDI-SF,1
CLKQ,1
COPSOQ,1
CORE-OM,1
CPDI,1
CSBS,1
CSES,1
CSI,1
CSS,1
CSSQ,1
CUDIT,1
CWL NAQ-R,1
CoI,1
CoSS,1
CompACT,1
Covid-19 fears,1
DAP:IQ,1
DBAS-16,1
DDPQ,1
DPI,1
DSE,1
DSI-6,1
DSM-5 CCSM,1
DSS-Personal Scale,1
DSSI,1
DT,1
DUKE,1
ECI,1
ECR,1
EI,1
EPI,1
EQ-5D-5 L VAS,1
EQ-i 2.0,1
ER-89,1
ERQ-S,1
ESF,1
ESS-S,1
EUBE,1
EUROHIS-QOL-8,1
EnuSS,1
Euronet,1
FACES,1
FAD-GF,1
FAS,1
FFQ,1
FMPS,1
FOMO,1
FSS,1
FSSM,1
Fear of COVID-19 (Snell’s adapted),1
GADS,1
GHSQ,1
GMS,1
GNKQ,1
GRIT,1
GSE,1
GWB,1
Goldberg,1
HAM-A,1
HAM-D,1
HE,1
HESI,1
HEXACO-PI-R,1
HPASCS,1
HPVS,1
IBI,1
IBQ,1
IDLS-15,1
IFC-CS,1
IHNI,1
IIEF,1
IPAT-A-D,1
IPDE,1
IPIP-BFFM,1
ISMIS,1
IUBA,1
IndRI,1
KIMS,1
KSWBS,1
LCQ,1
LCR-12,1
LOC,1
LSAS,1
LSES,1
LSS,1
LSSI,1
MDQ,1
MEDAS,1
MEHS-R,1
MEQ,1
MEQ-sleep,1
MICA,1
MINI,1
MISS-HP,1
MITA,1
MLQ,1
MOS-SSS,1
MPAS,1
MPIS,1
MSATU,1
MSLQ,1
MSS,1
MSS-SF,1
MW-S,1
MWS,1
NEO-FFI,1
NIAS,1
NIH-CPSI,1
NIH-PSS,1
NMHS-DMS,1
NPS,1
OHQ,1
OLSQ,1
OMI,1
OMS-HC,1
OPD-SQ,1
OSI-R,1
P-Stigm,1
PANSI,1
PAR-Q,1
PCS,1
PDQ,1
PDS-COVID-19,1
PEDT,1
PGWBI,1
PIR-12,1
PIRS,1
PIS,1
PMPUQ,1
POMS,1
PPLI,1
PPQ,1
PROMIS-F SF-5a,1
PSAS,1
PSI,1
PSP,1
PSWQ,1
PTSS-10,1
PWBI,1
PWBS,1
PreMS,1
Q53,1
QCAE,1
QS-M/F,1
RASS,1
RBS,1
RCI-R,1
REQ,1
RRS,1
RTSHI,1
Rome IV,1
S-MASS,1
SA-45,1
SABAS,1
SAGO-13,1
SAPS,1
SAQ,1
SASSC,1
SATED,1
SAVE-6,1
SAcS,1
SBI-9,1
SBM,1
SBS,1
SBST,1
SCI,1
SCS-consciousness,1
SCSI,1
SDRS,1
SEAR,1
SEQ-DoD,1
SES,1
SFI,1
SFRPQ,1
SHAPS,1
SHSQ-25,1
SIBS,1
SIQ,1
SOMS,1
SPCCQ,1
SPI,1
SPQ,1
SQ-3,1
SRB,1
SRRS,1
SRVS,1
SRegQ,1
SSHSBMDB,1
SSI-study,1
SSNI,1
SSP,1
SSQ,1
SSQ-6,1
SSS,1
SUPRE-MISS,1
SWB-SN,1
SWSS,1
Self-Assessment Survey,1
Spirituality and Health Scale,1
StuSS,1
Survey about stigma,1
TAI,1
TAMPA,1
TAS,1
TCSQ,1
TEMPS-A,1
THS,1
UBOS-S,1
UCS,1
USMEQ-17,1
USMaP-15,1
USPEQ,1
USS,1
USSIQ,1
VERAS-Q,1
WCQ,1
WGQ,1
WHO ASSIST,1
WLEIS,1
WPSI,1
WRMS-AAA,1
WURS,1
WWBS,1
YANS,1
ZKPQ-28,1
