year,n_studies,pct
1980,1,0.18484288354898337
1990,1,0.18484288354898337
1991,1,0.18484288354898337
1994,1,0.18484288354898337
2001,1,0.18484288354898337
2005,1,0.18484288354898337
2006,3,0.5545286506469501
2007,3,0.5545286506469501
2008,3,0.5545286506469501
2009,3,0.5545286506469501
2010,8,1.478743068391867
2011,4,0.7393715341959335
2012,7,1.2939001848428835
2013,7,1.2939001848428835
2014,7,1.2939001848428835
2015,9,1.6635859519408502
2016,14,2.587800369685767
2017,9,1.6635859519408502
2018,15,2.7726432532347505
2019,21,3.8817005545286505
2020,47,8.687615526802219
2021,56,10.351201478743068
2022,92,17.005545286506468
2023,79,14.602587800369685
2024,75,13.863216266173753
2025,73,13.493530499075785
