country_en;n_studies
China;58
United States of America;56
India;36
Saudi Arabia;36
Brazil;34
Iran;17
Germany;16
Malaysia;13
Mexico;13
Pakistan;13
South Korea;13
Nigeria;12
Thailand;11
Australia;9
France;9
Peru;9
Portugal;9
Canada;8
Hungary;8
Indonesia;8
Italy;8
Nepal;8
United Kingdom;8
Japan;7
Jordan;7
Turkey;7
Egypt;6
Serbia;6
Switzerland;6
Bangladesh;5
Ethiopia;5
Poland;5
South Africa;5
Spain;5
Sudan;5
Czechia;4
Greece;4
Lebanon;4
Morocco;4
New Zealand;4
Palestine;4
Syria;4
Chile;3
Ireland;3
Israel;3
Netherlands;3
Romania;3
Vietnam;3
Austria;2
Belarus;2
Croatia;2
Cyprus;2
Iraq;2
Libya;2
Russia;2
Sweden;2
Tunisia;2
Uganda;2
Ukraine;2
Bahrain;1
Bosnia and Herz.;1
Colombia;1
Denmark;1
Georgia;1
Hong Kong;1
Kazakhstan;1
Kenya;1
Latvia;1
Lithuania;1
Namibia;1
Norway;1
Oman;1
Paraguay;1
Puerto Rico;1
Qatar;1
Rwanda;1
Slovakia;1
Slovenia;1
Somalia;1
Sri Lanka;1
Tanzania;1
Trinidad and Tobago;1
United Arab Emirates;1
Venezuela;1
Yemen;1
