year,Total Studies,Multicenter Studies,International Studies,Sex Bias Assessment,Gender & Sexual Orientation Bias Assessment,Racial Bias Assessment,Socioeconomic Bias Assessment
2001,1,0,0,1,0,0,0
2005,1,0,0,1,0,1,0
2006,3,1,0,3,0,0,1
2007,3,1,0,0,0,1,0
2008,3,2,1,1,0,1,1
2009,3,1,0,3,0,1,1
2010,8,1,0,6,1,3,3
2011,4,0,0,3,0,1,0
2012,7,3,0,6,0,1,0
2013,7,1,0,3,0,1,0
2014,7,1,0,3,0,0,0
2015,9,1,0,6,0,1,0
2016,14,2,0,12,0,2,3
2017,9,2,1,7,0,0,2
2018,15,2,0,11,0,1,1
2019,21,2,1,12,0,1,0
2020,47,9,2,29,1,5,1
2021,56,20,2,41,3,4,2
2022,92,35,1,64,5,11,7
2023,79,29,2,52,3,3,8
2024,75,26,1,55,3,5,3
2025,73,26,4,59,5,5,30
