study_id,n_domains,n_subdomains
S001,2,3
S002,3,3
S003,2,2
S004,3,3
S005,3,3
S006,3,3
S007,1,1
S008,1,1
S009,5,11
S010,1,1
S011,4,4
S012,3,3
S013,2,4
S014,1,2
S015,3,4
S016,3,3
S017,2,2
S018,2,2
S019,3,4
S020,1,1
S021,2,3
S022,2,2
S023,1,1
S024,1,1
S025,2,3
S026,3,3
S027,2,2
S028,1,1
S029,2,2
S030,2,2
S031,1,2
S032,2,3
S033,1,1
S034,2,2
S035,4,5
S036,2,3
S037,1,1
S038,2,2
S039,1,1
S040,2,3
S041,1,1
S042,1,1
S043,2,3
S044,1,1
S045,2,2
S046,3,3
S047,1,1
S048,2,3
S049,1,1
S050,2,2
S051,2,3
S052,3,3
S053,3,4
S054,1,1
S055,3,3
S056,1,1
S057,2,2
S058,3,5
S059,4,9
S060,2,3
S061,2,2
S062,1,2
S063,2,4
S064,1,1
S065,1,1
S066,2,2
S067,2,3
S068,3,3
S069,1,2
S070,2,3
S071,1,1
S072,1,1
S073,2,3
S074,2,2
S075,1,1
S076,1,1
S077,3,4
S078,1,1
S079,1,1
S080,1,1
S081,2,2
S082,3,5
S083,1,2
S084,2,3
S085,1,1
S086,1,1
S087,2,3
S088,1,1
S089,1,1
S090,4,7
S091,1,1
S092,2,3
S093,1,1
S094,1,1
S095,1,3
S096,1,1
S097,2,3
S098,1,1
S099,1,1
S100,3,3
S101,2,3
S102,4,5
S103,4,7
S104,1,1
S105,1,1
S106,1,1
S107,1,1
S108,1,1
S109,1,2
S110,1,1
S111,1,1
S112,2,3
S113,2,2
S114,1,1
S115,1,1
S116,3,5
S117,1,1
S118,1,1
S119,3,4
S120,1,2
S121,1,1
S122,2,2
S123,1,1
S124,2,2
S125,2,3
S126,3,3
S127,2,4
S128,1,1
S129,2,3
S130,3,4
S131,2,2
S132,2,2
S133,2,3
S134,2,2
S135,1,1
S136,2,4
S137,3,4
S138,1,1
S139,4,4
S140,2,2
S141,1,3
S142,3,3
S143,1,2
S144,3,6
S145,2,2
S146,2,3
S147,2,3
S148,2,2
S149,3,3
S150,3,5
S151,3,4
S152,1,3
S153,1,1
S154,3,3
S155,1,1
S156,2,2
S157,1,3
S158,3,4
S159,2,3
S160,3,3
S161,3,4
S162,2,2
S163,2,2
S164,1,1
S165,1,1
S166,2,3
S167,1,2
S168,2,2
S169,1,2
S170,3,4
S171,2,2
S172,4,6
S173,1,3
S174,1,1
S175,2,2
S176,3,3
S177,1,1
S178,1,1
S179,3,3
S180,2,3
S181,1,2
S182,2,3
S183,2,2
S184,2,2
S185,1,1
S186,3,3
S187,2,3
S188,3,4
S189,2,3
S190,1,1
S191,1,1
S192,2,2
S193,1,1
S194,3,3
S195,2,3
S196,1,1
S197,1,1
S198,2,2
S199,4,4
S200,1,3
S201,2,4
S202,1,1
S203,1,2
S204,1,2
S205,1,1
S206,3,3
S207,3,4
S208,1,1
S209,1,1
S210,2,2
S211,1,2
S212,1,2
S213,3,3
S214,3,3
S215,1,1
S216,1,2
S217,5,5
S218,2,5
S219,3,3
S220,2,4
S221,3,5
S222,3,3
S223,2,2
S224,1,1
S225,2,2
S226,1,1
S227,1,1
S228,2,2
S229,1,1
S230,1,1
S231,1,2
S232,2,3
S233,1,1
S234,2,3
S235,1,1
S236,1,2
S237,1,2
S238,4,10
S239,2,2
S240,2,3
S241,2,2
S242,2,2
S243,2,3
S244,3,3
S245,2,2
S246,2,2
S247,1,1
S248,1,2
S249,1,1
S250,2,3
S251,2,2
S252,1,1
S253,3,4
S254,1,2
S255,1,2
S256,3,6
S257,1,3
S258,2,4
S259,3,3
S260,3,4
S261,2,2
S262,2,3
S263,4,7
S264,3,4
S265,3,5
S266,3,5
S267,1,1
S268,4,7
S269,2,2
S270,3,3
S271,1,2
S272,2,3
S273,3,3
S274,2,2
S275,2,3
S276,1,1
S277,1,1
S278,1,2
S279,2,3
S280,1,2
S281,2,3
S282,3,4
S283,3,4
S284,1,2
S285,1,1
S286,1,1
S287,1,2
S288,1,2
S289,1,1
S290,3,3
S291,1,1
S292,2,5
S293,2,4
S294,2,2
S295,1,1
S296,3,3
S297,2,2
S298,2,3
S299,1,3
S300,3,4
S301,2,3
S302,2,4
S303,1,2
S304,2,2
S305,2,3
S306,2,2
S307,1,1
S308,2,2
S309,2,3
S310,1,2
S311,2,3
S312,3,3
S313,2,3
S314,1,1
S315,2,3
S316,2,6
S317,2,3
S318,2,3
S319,2,5
S320,1,2
S321,3,4
S322,4,5
S323,3,4
S324,1,1
S325,3,3
S326,2,2
S327,2,2
S328,1,1
S329,5,5
S330,3,4
S331,1,1
S332,1,2
S333,5,8
S334,3,3
S335,3,3
S336,1,2
S337,1,2
S338,1,2
S339,2,2
S340,1,3
S341,1,2
S342,1,1
S343,1,2
S344,2,3
S345,1,1
S346,1,1
S347,2,2
S348,2,2
S349,1,1
S350,1,1
S351,1,2
S352,1,1
S353,1,2
S354,2,3
S355,1,1
S356,1,1
S357,1,1
S358,2,2
S359,1,2
S360,1,1
S361,1,1
S362,2,2
S363,1,2
S364,1,1
S365,1,1
S366,2,4
S367,2,3
S368,2,2
S369,2,2
S370,1,2
S371,2,2
S372,3,4
S373,1,1
S374,3,3
S375,2,2
S376,1,2
S377,1,1
S378,3,3
S379,2,2
S380,1,1
S381,3,4
S382,3,3
S383,2,2
S384,5,6
S385,1,1
S386,1,1
S387,1,2
S388,3,3
S389,1,1
S390,2,4
S391,3,4
S392,3,5
S393,2,2
S394,1,3
S395,3,3
S396,2,2
S397,2,2
S398,1,2
S399,2,3
S400,2,2
S401,2,2
S402,3,3
S403,1,1
S404,1,3
S405,3,5
S406,2,2
S407,2,3
S408,2,3
S409,1,1
S410,1,1
S411,1,1
S412,2,2
S413,2,3
S414,2,5
S415,2,4
S416,1,1
S417,1,1
S418,1,1
S419,1,1
S420,1,1
S421,1,1
S422,1,1
S423,2,2
S424,2,4
S425,3,4
S426,1,1
S427,3,4
S428,3,3
S429,1,1
S430,1,1
S431,3,5
S432,1,1
S433,2,3
S434,2,2
S435,2,4
S436,3,3
S437,2,3
S438,3,4
S439,3,3
S440,3,3
S441,2,2
S442,1,1
S443,1,1
S444,3,4
S445,1,1
S446,1,1
S447,1,1
S448,2,2
S449,1,2
S450,1,1
S451,3,4
S452,1,1
S453,2,4
S454,2,2
S455,1,3
S456,1,2
S457,2,2
S458,3,6
S459,3,4
S460,1,2
S461,1,1
S462,2,4
S463,3,4
S464,2,3
S465,2,3
S466,3,4
S467,3,3
S468,1,1
S469,1,2
S470,2,3
S471,1,2
S472,2,2
S473,2,2
S474,2,2
S475,2,2
S476,1,2
S477,1,1
S478,3,3
S479,2,3
S480,3,4
S481,2,3
S482,2,2
S483,1,1
S484,1,3
S485,4,6
S486,2,3
S487,1,2
S488,3,3
S489,1,3
S490,1,1
S491,2,4
S492,3,3
S493,1,1
S494,1,3
S495,2,3
S496,2,2
S497,2,3
S498,1,1
S499,2,2
S500,3,3
S501,2,2
S502,2,3
S503,2,2
S504,2,4
S505,1,1
S506,1,2
S507,3,3
S508,1,2
S509,1,1
S510,2,2
S511,2,3
S512,3,9
S513,1,2
S514,1,2
S515,3,5
S516,3,3
S517,1,2
S518,1,2
S519,1,2
S520,2,3
S521,3,5
S522,3,3
S523,1,1
S524,2,3
S525,3,3
S526,3,5
S527,2,2
S528,1,2
S529,5,8
S530,3,7
S531,1,3
S532,1,1
S533,1,1
S534,2,2
S535,1,2
S536,2,4
S537,2,3
S538,3,3
S539,3,3
S540,3,3
S541,1,1
