Domain,Subdomain,n,pct,manuscript
Academic Environment,(any subdomain - distinct studies),167,30.868761552680223,"167/541, 31%"
Academic Environment,Academic burnout & exhaustion,102,18.853974121996302,"102/541, 19%"
Academic Environment,"Academic stress, workload & demands",24,4.436229205175601,"24/541, 4%"
Academic Environment,"Mistreatment, harassment & discrimination",23,4.251386321626617,"23/541, 4%"
Academic Environment,Learning climate & educational environment,21,3.8817005545286505,"21/541, 4%"
Academic Environment,"Motivation, engagement & learning strategies",21,3.8817005545286505,"21/541, 4%"
Academic Environment,Clinical learning environment,6,1.1090573012939002,"6/541, 1%"
Academic Environment,"Institutional support, resources & policies",1,0.18484288354898337,"1/541, 0.2%"
Physical Health & Lifestyle,(any subdomain - distinct studies),182,33.64140480591497,"182/541, 34%"
Physical Health & Lifestyle,Sleep & fatigue,66,12.199630314232902,"66/541, 12%"
Physical Health & Lifestyle,General physical health & quality of life,50,9.242144177449168,"50/541, 9%"
Physical Health & Lifestyle,Substance use,39,7.208872458410351,"39/541, 7%"
Physical Health & Lifestyle,Behavioral addictions,33,6.099815157116451,"33/541, 6%"
Physical Health & Lifestyle,Physical activity & sedentary behaviour,21,3.8817005545286505,"21/541, 4%"
Physical Health & Lifestyle,"Diet, nutrition & eating behaviours",13,2.402957486136784,"13/541, 2%"
Physical Health & Lifestyle,Sexual & reproductive health,5,0.9242144177449169,"5/541, 0.9%"
Psychological Resources,(any subdomain - distinct studies),176,32.53234750462107,"176/541, 33%"
Psychological Resources,"Resilience, grit & psychological strengths",110,20.33271719038817,"110/541, 20%"
Psychological Resources,Coping styles & stress mindset,45,8.317929759704251,"45/541, 8%"
Psychological Resources,Personality traits & temperament,31,5.730129390018484,"31/541, 6%"
Psychological Resources,"Self-esteem, identity & self-concept",22,4.066543438077634,"22/541, 4%"
Psychological Resources,"Spirituality, meaning & purpose",15,2.7726432532347505,"15/541, 3%"
Psychological Resources,Perfectionism & impostor phenomenon,8,1.478743068391867,"8/541, 1%"
Psychological Resources,Cognitive traits & learning dispositions,7,1.2939001848428835,"7/541, 1%"
Psychological Symptoms & Distress,(any subdomain - distinct studies),420,77.63401109057301,"420/541, 78%"
Psychological Symptoms & Distress,Depression,246,45.47134935304991,"246/541, 45%"
Psychological Symptoms & Distress,Psychological distress & general mental health,171,31.608133086876155,"171/541, 32%"
Psychological Symptoms & Distress,Anxiety,149,27.54158964879852,"149/541, 28%"
Psychological Symptoms & Distress,Trauma & post-traumatic symptoms,20,3.6968576709796674,"20/541, 4%"
Psychological Symptoms & Distress,"Mood, affect & emotion regulation",18,3.3271719038817005,"18/541, 3%"
Psychological Symptoms & Distress,Suicidality & self-harm,14,2.587800369685767,"14/541, 3%"
Social Support,(any subdomain - distinct studies),69,12.754158964879853,"69/541, 13%"
Social Support,Empathy & relational competencies,25,4.621072088724584,"25/541, 5%"
Social Support,Perceived social support,22,4.066543438077634,"22/541, 4%"
Social Support,Family functioning & socio-economic context,12,2.2181146025878005,"12/541, 2%"
Social Support,"Belonging, loneliness & social integration",10,1.8484288354898337,"10/541, 2%"
Social Support,Peer relationships & connectedness,5,0.9242144177449169,"5/541, 0.9%"
