Subdomain;Total_Count
Depression;246
Psychological distress & general mental health;171
Anxiety;149
Resilience, grit & psychological strengths;110
Academic burnout & exhaustion;102
Sleep & fatigue;66
General physical health & quality of life;50
Coping styles & stress mindset;45
Substance use;39
Behavioral addictions;33
Personality traits & temperament;31
Empathy & relational competencies;25
Academic stress, workload & demands;24
Mistreatment, harassment & discrimination;23
Perceived social support;22
Self-esteem, identity & self-concept;22
Learning climate & educational environment;21
Motivation, engagement & learning strategies;21
Physical activity & sedentary behaviour;21
Trauma & post-traumatic symptoms;20
Mood, affect & emotion regulation;18
Spirituality, meaning & purpose;15
Suicidality & self-harm;14
Diet, nutrition & eating behaviours;13
Family functioning & socio-economic context;12
Belonging, loneliness & social integration;10
Perfectionism & impostor phenomenon;8
Cognitive traits & learning dispositions;7
Clinical learning environment;6
Peer relationships & connectedness;5
Sexual & reproductive health;5
Institutional support, resources & policies;1
