period,domain,n_studies,n_total,pct,p_value,p_label
Pre-COVID (before 2020),Academic Environment,35,119,29.411764705882355,0.7816103989997134,p = 0.782 
COVID-era (2020+),Academic Environment,132,422,31.27962085308057,0.7816103989997134,p = 0.782 
Pre-COVID (before 2020),Physical Health & Lifestyle,35,119,29.411764705882355,0.31932181044096347,p = 0.319 
COVID-era (2020+),Physical Health & Lifestyle,147,422,34.834123222748815,0.31932181044096347,p = 0.319 
Pre-COVID (before 2020),Psychological Resources,44,119,36.97478991596639,0.2889489423128126,p = 0.289 
COVID-era (2020+),Psychological Resources,132,422,31.27962085308057,0.2889489423128126,p = 0.289 
Pre-COVID (before 2020),Psychological Symptoms & Distress,86,119,72.26890756302521,0.14271958286538905,p = 0.143 
COVID-era (2020+),Psychological Symptoms & Distress,334,422,79.14691943127961,0.14271958286538905,p = 0.143 
Pre-COVID (before 2020),Social Support,16,119,13.445378151260504,0.9200570276936848,p = 0.92 
COVID-era (2020+),Social Support,53,422,12.559241706161137,0.9200570276936848,p = 0.92 
