year,n_studies,pubmed_records,studies_per_million_pubmed
1980,1,280699,3.5625349573742695
1981,0,283695,0
1982,0,295825,0
1983,0,309585,0
1984,0,318317,0
1985,0,335442,0
1986,0,349819,0
1987,0,368059,0
1988,0,387105,0
1989,0,402906,0
1990,1,410999,2.4330959442723703
1991,1,413322,2.4194211776774526
1992,0,418129,0
1993,0,427788,0
1994,1,439242,2.2766493185988588
1995,0,449343,0
1996,0,458817,0
1997,0,456896,0
1998,0,474778,0
1999,0,493927,0
2000,0,532637,0
2001,1,547644,1.8260037542637189
2002,0,565486,0
2003,0,594602,0
2004,0,639789,0
2005,1,700540,1.4274702372455534
2006,3,750397,3.997883786848828
2007,3,786776,3.813029375578309
2008,3,837237,3.5832147886440757
2009,3,877683,3.4180905862367164
2010,8,942368,8.489252606200552
2011,4,1020845,3.9183225661094485
2012,7,1090504,6.419050274001745
2013,7,1150127,6.0862843842462615
2014,7,1205918,5.804706455994521
2015,9,1258176,7.153212269189685
2016,14,1285553,10.890255010878587
2017,9,1304375,6.899856252994729
2018,15,1351709,11.097063051292846
2019,21,1418998,14.79917519263593
2020,47,1641213,28.63735541943672
2021,56,1787582,31.32723421918547
2022,92,1783557,51.582315563786295
2023,79,1697517,46.53856191130929
2024,75,1739986,43.10379508800646
2025,73,1881968,38.789182387798306
