"country","country_en","map_name","continent","un_state"
"United States","United States","United States of America","North America",TRUE
"Canada","Canada","Canada","North America",TRUE
"Mexico","Mexico","Mexico","North America",TRUE
"Puerto Rico","Puerto Rico","Puerto Rico","North America",FALSE
"Trinidad and Tobago","Trinidad and Tobago","Trinidad and Tobago","North America",TRUE
"Brazil","Brazil","Brazil","South America",TRUE
"Chile","Chile","Chile","South America",TRUE
"Colombia","Colombia","Colombia","South America",TRUE
"Paraguay","Paraguay","Paraguay","South America",TRUE
"Peru","Peru","Peru","South America",TRUE
"Venezuela","Venezuela","Venezuela","South America",TRUE
"Austria","Austria","Austria","Europe",TRUE
"Belarus","Belarus","Belarus","Europe",TRUE
"Bosnia and Herzegovina","Bosnia and Herzegovina","Bosnia and Herz.","Europe",TRUE
"Croatia","Croatia","Croatia","Europe",TRUE
"Cyprus","Cyprus","Cyprus","Europe",TRUE
"Czechia","Czechia","Czechia","Europe",TRUE
"Denmark","Denmark","Denmark","Europe",TRUE
"France","France","France","Europe",TRUE
"Germany","Germany","Germany","Europe",TRUE
"Greece","Greece","Greece","Europe",TRUE
"Hungary","Hungary","Hungary","Europe",TRUE
"Ireland","Ireland","Ireland","Europe",TRUE
"Italy","Italy","Italy","Europe",TRUE
"Latvia","Latvia","Latvia","Europe",TRUE
"Lithuania","Lithuania","Lithuania","Europe",TRUE
"Netherlands","Netherlands","Netherlands","Europe",TRUE
"Norway","Norway","Norway","Europe",TRUE
"Poland","Poland","Poland","Europe",TRUE
"Portugal","Portugal","Portugal","Europe",TRUE
"Romania","Romania","Romania","Europe",TRUE
"Russia","Russia","Russia","Europe",TRUE
"Serbia","Serbia","Serbia","Europe",TRUE
"Slovakia","Slovakia","Slovakia","Europe",TRUE
"Slovenia","Slovenia","Slovenia","Europe",TRUE
"Spain","Spain","Spain","Europe",TRUE
"Sweden","Sweden","Sweden","Europe",TRUE
"Switzerland","Switzerland","Switzerland","Europe",TRUE
"Ukraine","Ukraine","Ukraine","Europe",TRUE
"United Kingdom","United Kingdom","United Kingdom","Europe",TRUE
"England","United Kingdom","United Kingdom","Europe",TRUE
"Scotland","United Kingdom","United Kingdom","Europe",TRUE
"Wales","United Kingdom","United Kingdom","Europe",TRUE
"Bahrain","Bahrain","Bahrain","Asia",TRUE
"Bangladesh","Bangladesh","Bangladesh","Asia",TRUE
"China","China","China","Asia",TRUE
"Georgia","Georgia","Georgia","Asia",TRUE
"Hong Kong","Hong Kong","Hong Kong","Asia",FALSE
"India","India","India","Asia",TRUE
"Indonesia","Indonesia","Indonesia","Asia",TRUE
"Iran","Iran","Iran","Asia",TRUE
"Iraq","Iraq","Iraq","Asia",TRUE
"Israel","Israel","Israel","Asia",TRUE
"Japan","Japan","Japan","Asia",TRUE
"Jordan","Jordan","Jordan","Asia",TRUE
"Kazakhstan","Kazakhstan","Kazakhstan","Asia",TRUE
"Lebanon","Lebanon","Lebanon","Asia",TRUE
"Malaysia","Malaysia","Malaysia","Asia",TRUE
"Nepal","Nepal","Nepal","Asia",TRUE
"Oman","Oman","Oman","Asia",TRUE
"Pakistan","Pakistan","Pakistan","Asia",TRUE
"Palestine","Palestine","Palestine","Asia",TRUE
"Qatar","Qatar","Qatar","Asia",TRUE
"Saudi Arabia","Saudi Arabia","Saudi Arabia","Asia",TRUE
"South Korea","South Korea","South Korea","Asia",TRUE
"Sri Lanka","Sri Lanka","Sri Lanka","Asia",TRUE
"Syria","Syria","Syria","Asia",TRUE
"Thailand","Thailand","Thailand","Asia",TRUE
"Turkey","Turkey","Turkey","Asia",TRUE
"United Arab Emirates","United Arab Emirates","United Arab Emirates","Asia",TRUE
"Vietnam","Vietnam","Vietnam","Asia",TRUE
"Yemen","Yemen","Yemen","Asia",TRUE
"unspecified Middle Eastern country",,,"Asia",
"Egypt","Egypt","Egypt","Africa",TRUE
"Ethiopia","Ethiopia","Ethiopia","Africa",TRUE
"Kenya","Kenya","Kenya","Africa",TRUE
"Libya","Libya","Libya","Africa",TRUE
"Morocco","Morocco","Morocco","Africa",TRUE
"Namibia","Namibia","Namibia","Africa",TRUE
"Nigeria","Nigeria","Nigeria","Africa",TRUE
"Rwanda","Rwanda","Rwanda","Africa",TRUE
"Somalia","Somalia","Somalia","Africa",TRUE
"South Africa","South Africa","South Africa","Africa",TRUE
"Sudan","Sudan","Sudan","Africa",TRUE
"Tanzania","Tanzania","Tanzania","Africa",TRUE
"Tunisia","Tunisia","Tunisia","Africa",TRUE
"Uganda","Uganda","Uganda","Africa",TRUE
"Australia","Australia","Australia","Oceania",TRUE
"New Zealand","New Zealand","New Zealand","Oceania",TRUE
