year,pubmed_records,query,retrieved_on
1980,280699,YYYY[dp],2026-09-30
1981,283695,YYYY[dp],2026-09-30
1982,295825,YYYY[dp],2026-09-30
1983,309585,YYYY[dp],2026-09-30
1984,318317,YYYY[dp],2026-09-30
1985,335442,YYYY[dp],2026-09-30
1986,349819,YYYY[dp],2026-09-30
1987,368059,YYYY[dp],2026-09-30
1988,387105,YYYY[dp],2026-09-30
1989,402906,YYYY[dp],2026-09-30
1990,410999,YYYY[dp],2026-09-30
1991,413322,YYYY[dp],2026-09-30
1992,418129,YYYY[dp],2026-09-30
1993,427788,YYYY[dp],2026-09-30
1994,439242,YYYY[dp],2026-09-30
1995,449343,YYYY[dp],2026-09-30
1996,458817,YYYY[dp],2026-09-30
1997,456896,YYYY[dp],2026-09-30
1998,474778,YYYY[dp],2026-09-30
1999,493927,YYYY[dp],2026-09-30
2000,532637,YYYY[dp],2026-09-30
2001,547644,YYYY[dp],2026-09-30
2002,565486,YYYY[dp],2026-09-30
2003,594602,YYYY[dp],2026-09-30
2004,639789,YYYY[dp],2026-09-30
2005,700540,YYYY[dp],2026-09-30
2006,750397,YYYY[dp],2026-09-30
2007,786776,YYYY[dp],2026-09-30
2008,837237,YYYY[dp],2026-09-30
2009,877683,YYYY[dp],2026-09-30
2010,942368,YYYY[dp],2026-09-30
2011,1020845,YYYY[dp],2026-09-30
2012,1090504,YYYY[dp],2026-09-30
2013,1150127,YYYY[dp],2026-09-30
2014,1205918,YYYY[dp],2026-09-30
2015,1258176,YYYY[dp],2026-09-30
2016,1285553,YYYY[dp],2026-09-30
2017,1304375,YYYY[dp],2026-09-30
2018,1351709,YYYY[dp],2026-09-30
2019,1418998,YYYY[dp],2026-09-30
2020,1641213,YYYY[dp],2026-09-30
2021,1787582,YYYY[dp],2026-09-30
2022,1783557,YYYY[dp],2026-09-30
2023,1697517,YYYY[dp],2026-09-30
2024,1739986,YYYY[dp],2026-09-30
2025,1881968,YYYY[dp],2026-09-30
